datetime,temp,humidity,precip,precipprob,windspeed,city
2024-01-01,10.3,95.3,10.038,100.0,7.3,Mostar
2024-01-02,8.9,92.8,0.002,100.0,7.1,Mostar
2024-01-03,10.4,91.9,0.401,100.0,7.6,Mostar
2024-01-04,10.3,89.6,4.995,100.0,14.5,Mostar
2024-01-05,7.3,91.4,0.001,100.0,13.1,Mostar
2024-01-06,14.3,80.0,4.001,100.0,36.4,Mostar
2024-01-07,11.0,81.7,4.603,100.0,20.2,Mostar
2024-01-08,7.5,56.3,0.006,100.0,24.6,Mostar
2024-01-09,3.9,52.3,0.002,100.0,28.1,Mostar
2024-01-10,3.0,59.6,0.0,0.0,17.5,Mostar
2024-01-11,2.0,67.2,0.0,0.0,17.7,Mostar
2024-01-12,3.4,51.1,0.001,100.0,21.6,Mostar
2024-01-13,2.8,47.8,0.0,0.0,14.3,Mostar
2024-01-14,-0.2,80.1,0.001,100.0,7.5,Mostar
2024-01-15,4.7,96.9,13.189,100.0,7.1,Mostar
2024-01-16,7.9,66.4,2.998,100.0,21.0,Mostar
2024-01-17,8.4,93.3,3.102,100.0,14.6,Mostar
2024-01-18,14.5,82.4,5.003,100.0,18.1,Mostar
2024-01-19,11.4,81.6,0.201,100.0,28.4,Mostar
2024-01-20,4.3,42.1,4.003,100.0,39.9,Mostar
2024-01-21,5.0,27.5,0.0,0.0,29.1,Mostar
2024-01-22,2.4,53.2,0.0,0.0,17.5,Mostar
2024-01-23,5.3,67.3,0.5,100.0,28.8,Mostar
2024-01-24,7.6,57.9,0.0,0.0,20.1,Mostar
2024-01-25,5.4,75.9,0.002,100.0,27.9,Mostar
2024-01-26,6.4,73.2,0.0,0.0,7.3,Mostar
2024-01-27,9.5,45.0,0.0,0.0,23.6,Mostar
2024-01-28,8.0,44.9,0.001,100.0,20.1,Mostar
2024-01-29,7.0,48.3,0.0,0.0,14.1,Mostar
2024-01-30,5.3,53.0,0.0,0.0,14.2,Mostar
2024-01-31,4.2,53.9,0.0,0.0,10.5,Mostar
2024-02-01,4.9,56.9,0.0,0.0,7.1,Mostar
2024-02-02,9.1,49.7,0.0,0.0,20.2,Mostar
2024-02-03,8.1,57.0,0.0,0.0,7.5,Mostar
2024-02-04,7.6,76.4,0.0,0.0,9.1,Mostar
2024-02-05,8.1,85.9,0.0,0.0,7.1,Mostar
2024-02-06,5.8,91.3,0.0,0.0,5.3,Mostar
2024-02-07,9.9,86.9,0.0,0.0,7.5,Mostar
2024-02-08,10.5,85.9,0.0,0.0,7.3,Mostar
2024-02-09,11.2,79.2,0.0,0.0,14.8,Mostar
2024-02-10,13.8,81.2,10.494,100.0,29.0,Mostar
2024-02-11,12.4,92.9,43.465,100.0,27.4,Mostar
2024-02-12,10.1,94.6,5.503,100.0,9.2,Mostar
2024-02-13,11.2,62.3,0.005,100.0,39.7,Mostar
2024-02-14,11.2,30.9,0.002,100.0,36.2,Mostar
2024-02-15,10.1,49.7,0.0,0.0,23.7,Mostar
2024-02-16,10.6,61.9,0.0,0.0,7.5,Mostar
2024-02-17,9.8,74.5,0.0,0.0,3.8,Mostar
2024-02-18,12.8,52.2,0.0,0.0,14.9,Mostar
2024-02-19,10.4,59.9,0.0,0.0,10.6,Mostar
2024-02-20,12.4,51.2,0.0,0.0,18.4,Mostar
2024-02-21,10.0,56.8,0.0,0.0,11.2,Mostar
2024-02-22,8.7,67.8,0.0,0.0,10.8,Mostar
2024-02-23,13.7,69.6,0.999,100.0,23.9,Mostar
2024-02-24,11.2,90.8,30.474,100.0,20.4,Mostar
2024-02-25,9.1,96.9,70.957,100.0,13.0,Mostar
2024-02-26,12.9,82.1,2.011,100.0,7.4,Mostar
2024-02-27,13.8,74.8,0.002,100.0,9.5,Mostar
2024-02-28,14.1,69.7,0.0,0.0,7.5,Mostar
2024-02-29,15.2,67.9,0.059,100.0,14.1,Mostar
2024-03-01,12.9,80.4,1.604,100.0,10.7,Mostar
2024-03-02,10.5,86.1,6.992,100.0,7.3,Mostar
2024-03-03,12.4,79.1,0.102,100.0,10.9,Mostar
2024-03-04,12.2,79.7,1.0,100.0,7.8,Mostar
2024-03-05,13.5,71.6,0.0,0.0,17.9,Mostar
2024-03-06,10.0,87.9,10.996,100.0,10.8,Mostar
2024-03-07,8.7,86.0,4.102,100.0,7.4,Mostar
2024-03-08,10.2,73.5,0.201,100.0,7.4,Mostar
2024-03-09,9.3,94.3,8.096,100.0,11.2,Mostar
2024-03-10,13.8,74.7,5.095,100.0,22.3,Mostar
2024-03-11,12.8,79.9,18.69,100.0,38.5,Mostar
2024-03-12,10.1,92.4,15.489,100.0,10.7,Mostar
2024-03-13,10.8,68.7,0.0,0.0,21.4,Mostar
2024-03-14,11.4,59.7,0.0,0.0,14.4,Mostar
2024-03-15,12.1,66.4,0.0,0.0,7.5,Mostar
2024-03-16,12.1,81.3,6.992,100.0,17.6,Mostar
2024-03-17,13.3,69.8,0.105,100.0,11.3,Mostar
2024-03-18,12.3,75.0,0.0,0.0,7.4,Mostar
2024-03-19,13.5,43.6,0.2,100.0,39.8,Mostar
2024-03-20,12.0,35.2,0.0,0.0,27.6,Mostar
2024-03-21,11.2,62.0,0.0,0.0,7.5,Mostar
2024-03-22,13.6,61.6,0.0,0.0,14.0,Mostar
2024-03-23,13.5,63.9,0.0,0.0,7.6,Mostar
2024-03-24,12.6,79.4,13.991,100.0,18.0,Mostar
2024-03-25,11.5,46.7,0.0,0.0,14.1,Mostar
2024-03-26,8.5,82.2,6.999,100.0,14.7,Mostar
2024-03-27,14.2,84.8,14.991,100.0,35.0,Mostar
2024-03-28,14.4,66.3,6.2,100.0,27.5,Mostar
2024-03-29,17.6,58.3,0.9,100.0,13.1,Mostar
2024-03-30,16.4,51.9,0.0,0.0,29.5,Mostar
2024-03-31,19.6,35.1,0.0,0.0,35.2,Mostar
2024-04-01,18.8,50.7,0.0,0.0,38.8,Mostar
2024-04-02,14.7,66.3,5.994,100.0,29.3,Mostar
2024-04-03,12.6,64.4,0.1,100.0,7.4,Mostar
2024-04-04,15.0,62.0,0.0,0.0,7.5,Mostar
2024-04-05,15.4,69.0,0.0,0.0,7.5,Mostar
2024-04-06,16.3,69.2,0.0,0.0,7.3,Mostar
2024-04-07,18.3,71.4,0.0,0.0,7.4,Mostar
2024-04-08,19.7,62.0,0.0,0.0,7.5,Mostar
2024-04-09,18.1,60.2,0.0,0.0,7.3,Mostar
2024-04-10,17.7,59.6,0.0,0.0,12.6,Mostar
2024-04-11,21.3,49.3,0.0,0.0,21.7,Mostar
2024-04-12,22.3,48.7,0.0,0.0,18.3,Mostar
2024-04-13,21.8,56.9,0.0,0.0,14.6,Mostar
2024-04-14,20.6,60.7,0.0,0.0,10.6,Mostar
2024-04-15,19.1,65.6,0.0,0.0,11.0,Mostar
2024-04-16,18.9,70.1,0.002,100.0,20.4,Mostar
2024-04-17,11.4,70.7,2.306,100.0,35.1,Mostar
2024-04-18,11.8,49.7,0.0,0.0,17.6,Mostar
2024-04-19,12.7,44.1,0.0,0.0,21.4,Mostar
2024-04-20,10.8,56.1,0.001,100.0,10.7,Mostar
2024-04-21,12.8,52.6,0.003,100.0,21.7,Mostar
2024-04-22,12.8,59.7,0.0,0.0,10.9,Mostar
2024-04-23,11.7,78.3,1.998,100.0,14.0,Mostar
2024-04-24,10.9,89.1,15.986,100.0,14.5,Mostar
2024-04-25,11.6,70.8,5.996,100.0,17.9,Mostar
2024-04-26,11.5,78.2,1.998,100.0,11.0,Mostar
2024-04-27,16.0,62.2,0.0,0.0,9.2,Mostar
2024-04-28,17.6,58.7,0.0,0.0,10.6,Mostar
2024-04-29,19.7,58.7,0.0,0.0,38.3,Mostar
2024-04-30,20.2,57.0,0.0,0.0,10.9,Mostar
2024-05-01,18.1,70.5,3.8,100.0,22.2,Mostar
2024-05-02,18.3,77.0,7.5,100.0,18.3,Mostar
2024-05-03,14.3,86.7,6.434,100.0,7.8,Mostar
2024-05-04,17.3,69.9,0.0,0.0,9.6,Mostar
2024-05-05,17.8,64.8,0.0,0.0,10.9,Mostar
2024-05-06,17.6,67.3,0.0,0.0,7.4,Mostar
2024-05-07,17.6,71.5,0.0,0.0,14.2,Mostar
2024-05-08,20.4,63.9,0.401,100.0,17.5,Mostar
2024-05-09,20.8,56.2,0.002,100.0,32.0,Mostar
2024-05-10,20.5,49.8,0.0,0.0,25.3,Mostar
2024-05-11,20.6,43.1,0.002,100.0,21.1,Mostar
2024-05-12,19.8,54.5,0.0,0.0,17.8,Mostar
2024-05-13,18.5,67.4,0.0,0.0,14.6,Mostar
2024-05-14,16.4,84.7,7.99,100.0,10.6,Mostar
2024-05-15,17.4,81.8,4.0,100.0,10.6,Mostar
2024-05-16,19.4,72.0,3.996,100.0,11.5,Mostar
2024-05-17,23.5,60.8,0.001,100.0,18.0,Mostar
2024-05-18,20.2,73.6,0.001,100.0,17.5,Mostar
2024-05-19,22.0,74.2,0.699,100.0,7.5,Mostar
2024-05-20,23.6,72.4,0.2,100.0,12.7,Mostar
2024-05-21,22.6,71.2,0.2,100.0,24.0,Mostar
2024-05-22,19.8,73.8,5.097,100.0,11.2,Mostar
2024-05-23,18.1,78.2,1.999,100.0,24.9,Mostar
2024-05-24,20.4,65.7,0.0,0.0,10.9,Mostar
2024-05-25,20.6,64.7,0.0,0.0,10.9,Mostar
2024-05-26,18.5,80.3,3.298,100.0,14.3,Mostar
2024-05-27,19.8,76.6,8.992,100.0,21.4,Mostar
2024-05-28,19.3,78.6,0.899,100.0,7.4,Mostar
2024-05-29,21.2,69.1,0.899,100.0,14.4,Mostar
2024-05-30,20.1,77.5,9.989,100.0,7.6,Mostar
2024-05-31,19.0,89.9,46.749,100.0,16.5,Mostar
2024-06-01,22.7,66.5,3.005,100.0,22.3,Mostar
2024-06-02,22.3,78.1,4.097,100.0,7.5,Mostar
2024-06-03,19.7,86.2,8.999,100.0,11.1,Mostar
2024-06-04,20.7,70.1,0.001,100.0,7.5,Mostar
2024-06-05,21.3,66.8,0.0,0.0,11.0,Mostar
2024-06-06,23.9,63.9,0.0,0.0,11.1,Mostar
2024-06-07,25.0,60.4,0.0,0.0,10.5,Mostar
2024-06-08,25.5,63.4,0.0,0.0,7.4,Mostar
2024-06-09,25.8,66.8,0.0,0.0,7.3,Mostar
2024-06-10,25.6,65.9,1.401,100.0,14.9,Mostar
2024-06-11,23.2,74.4,0.3,100.0,10.9,Mostar
2024-06-12,23.4,74.9,1.998,100.0,11.1,Mostar
2024-06-13,22.9,72.3,0.2,100.0,14.3,Mostar
2024-06-14,22.2,63.5,10.29,100.0,12.9,Mostar
2024-06-15,22.7,61.7,0.0,0.0,9.1,Mostar
2024-06-16,23.7,62.4,0.0,0.0,10.9,Mostar
2024-06-17,24.7,57.1,0.0,0.0,14.0,Mostar
2024-06-18,26.3,55.9,0.0,0.0,10.7,Mostar
2024-06-19,26.6,54.9,0.0,0.0,10.6,Mostar
2024-06-20,29.6,55.9,0.0,0.0,14.6,Mostar
2024-06-21,31.0,50.7,0.0,0.0,16.4,Mostar
2024-06-22,30.0,55.8,0.0,0.0,13.0,Mostar
2024-06-23,28.6,59.0,0.0,0.0,14.4,Mostar
2024-06-24,28.8,60.1,0.0,0.0,14.4,Mostar
2024-06-25,26.5,69.9,0.201,100.0,9.3,Mostar
2024-06-26,26.5,66.5,0.1,100.0,14.4,Mostar
2024-06-27,23.8,78.0,0.605,100.0,10.9,Mostar
2024-06-28,25.5,65.8,0.0,0.0,21.2,Mostar
2024-06-29,29.5,52.4,0.0,0.0,14.2,Mostar
2024-06-30,29.2,58.2,0.0,0.0,14.4,Mostar
2024-07-01,28.9,57.6,0.0,0.0,14.2,Mostar
2024-07-02,22.2,76.6,12.406,100.0,25.3,Mostar
2024-07-03,22.7,48.9,0.01,100.0,21.0,Mostar
2024-07-04,23.5,50.9,0.0,0.0,14.7,Mostar
2024-07-05,25.2,52.0,0.0,0.0,11.0,Mostar
2024-07-06,26.1,57.1,0.0,0.0,12.7,Mostar
2024-07-07,26.9,56.8,0.0,0.0,14.3,Mostar
2024-07-08,29.1,54.9,0.0,0.0,11.0,Mostar
2024-07-09,29.7,60.9,0.0,0.0,10.6,Mostar
2024-07-10,31.3,53.0,0.0,0.0,10.6,Mostar
2024-07-11,31.2,54.8,0.0,0.0,11.0,Mostar
2024-07-12,31.5,52.9,0.0,0.0,14.5,Mostar
2024-07-13,30.7,51.1,0.0,0.0,11.1,Mostar
2024-07-14,30.4,51.9,0.0,0.0,14.5,Mostar
2024-07-15,31.7,52.6,0.0,0.0,10.9,Mostar
2024-07-16,31.4,50.9,0.0,0.0,7.7,Mostar
2024-07-17,30.7,56.6,0.0,0.0,17.6,Mostar
2024-07-18,30.7,62.5,0.0,0.0,17.8,Mostar
2024-07-19,31.4,56.3,0.0,0.0,14.5,Mostar
2024-07-20,28.5,66.9,4.994,100.0,18.5,Mostar
2024-07-21,28.2,63.2,0.999,100.0,11.0,Mostar
2024-07-22,28.5,59.5,0.0,0.0,21.5,Mostar
2024-07-23,30.8,46.6,0.0,0.0,17.7,Mostar
2024-07-24,30.1,48.2,0.002,100.0,21.9,Mostar
2024-07-25,29.1,38.6,0.0,0.0,20.1,Mostar
2024-07-26,28.3,38.2,0.0,0.0,14.9,Mostar
2024-07-27,28.7,42.4,0.0,0.0,10.6,Mostar
2024-07-28,29.6,49.1,0.0,0.0,7.7,Mostar
2024-07-29,30.9,43.2,0.0,0.0,35.6,Mostar
2024-07-30,29.9,28.5,0.0,0.0,29.0,Mostar
2024-07-31,28.3,30.7,0.0,0.0,11.1,Mostar
2024-08-01,28.4,42.2,0.0,0.0,11.0,Mostar
2024-08-02,28.8,45.3,0.0,0.0,11.1,Mostar
2024-08-03,25.4,68.7,9.39,100.0,17.9,Mostar
2024-08-04,28.2,48.9,0.102,100.0,20.2,Mostar
2024-08-05,28.6,40.5,0.0,0.0,14.1,Mostar
2024-08-06,28.6,47.7,0.0,0.0,14.3,Mostar
2024-08-07,29.8,45.5,0.0,0.0,11.1,Mostar
2024-08-08,25.6,66.6,1.998,100.0,28.8,Mostar
2024-08-09,29.1,49.0,0.001,100.0,17.5,Mostar
2024-08-10,30.6,39.1,0.0,0.0,21.9,Mostar
2024-08-11,31.4,39.1,0.0,0.0,14.2,Mostar
2024-08-12,29.8,40.9,0.0,0.0,16.5,Mostar
2024-08-13,30.9,46.0,0.0,0.0,11.0,Mostar
2024-08-14,30.7,47.2,0.0,0.0,7.5,Mostar
2024-08-15,30.9,48.8,0.0,0.0,11.2,Mostar
2024-08-16,31.8,52.5,0.0,0.0,11.2,Mostar
2024-08-17,31.3,51.1,0.001,100.0,10.7,Mostar
2024-08-18,29.6,57.0,0.0,0.0,16.4,Mostar
2024-08-19,22.9,91.6,22.003,100.0,10.9,Mostar
2024-08-20,26.0,71.8,2.499,100.0,11.0,Mostar
2024-08-21,26.3,69.6,1.001,100.0,11.1,Mostar
2024-08-22,28.5,54.3,0.001,100.0,14.2,Mostar
2024-08-23,28.4,57.7,0.0,0.0,10.5,Mostar
2024-08-24,29.3,57.6,0.0,0.0,10.6,Mostar
2024-08-25,30.0,52.9,0.0,0.0,14.7,Mostar
2024-08-26,30.2,44.2,0.0,0.0,14.5,Mostar
2024-08-27,28.0,58.0,1.998,100.0,21.2,Mostar
2024-08-28,27.2,67.0,14.984,100.0,11.1,Mostar
2024-08-29,27.8,54.3,0.0,0.0,14.5,Mostar
2024-08-30,28.7,45.3,0.0,0.0,18.0,Mostar
2024-08-31,29.1,42.7,0.0,0.0,14.4,Mostar
2024-09-01,29.2,39.4,0.0,0.0,11.4,Mostar
2024-09-02,27.8,46.6,0.0,0.0,10.9,Mostar
2024-09-03,27.1,55.1,0.0,0.0,17.7,Mostar
2024-09-04,25.9,63.7,0.823,100.0,12.7,Mostar
2024-09-05,26.1,64.3,0.0,0.0,14.5,Mostar
2024-09-06,25.8,72.0,0.752,100.0,25.6,Mostar
2024-09-07,25.8,68.1,0.0,0.0,7.5,Mostar
2024-09-08,26.2,63.9,0.0,0.0,10.5,Mostar
2024-09-09,21.2,90.4,35.998,100.0,12.9,Mostar
2024-09-10,22.0,63.3,2.011,100.0,49.4,Mostar
2024-09-11,23.1,48.9,0.0,0.0,21.8,Mostar
2024-09-12,21.0,73.1,0.0,0.0,31.1,Mostar
2024-09-13,18.4,86.5,9.397,100.0,25.9,Mostar
2024-09-14,14.9,72.3,13.508,100.0,10.9,Mostar
2024-09-15,14.3,72.6,0.001,100.0,25.0,Mostar
2024-09-16,16.0,63.7,0.0,0.0,14.5,Mostar
2024-09-17,18.7,63.6,1.998,100.0,14.3,Mostar
2024-09-18,21.1,58.5,0.599,100.0,20.2,Mostar
2024-09-19,17.2,89.9,20.308,100.0,10.9,Mostar
2024-09-20,18.9,79.9,5.011,100.0,10.8,Mostar
2024-09-21,21.0,63.4,0.001,100.0,14.0,Mostar
2024-09-22,19.4,68.2,0.0,0.0,10.7,Mostar
2024-09-23,19.7,75.1,0.0,0.0,7.5,Mostar
2024-09-24,17.9,95.7,17.116,100.0,7.3,Mostar
2024-09-25,19.3,84.7,0.004,100.0,11.1,Mostar
2024-09-26,19.5,84.6,0.0,0.0,7.5,Mostar
2024-09-27,20.8,82.2,0.0,0.0,11.0,Mostar
2024-09-28,21.2,84.3,0.0,0.0,20.2,Mostar
2024-09-29,17.8,59.1,8.993,100.0,39.5,Mostar
2024-09-30,15.2,49.0,0.001,100.0,21.3,Mostar
2024-10-01,14.8,64.5,0.0,0.0,14.0,Mostar
2024-10-02,18.4,72.1,0.0,0.0,7.2,Mostar
2024-10-03,19.5,89.1,9.392,100.0,31.1,Mostar
2024-10-04,22.5,76.1,24.001,100.0,38.1,Mostar
2024-10-05,16.5,88.2,2.003,100.0,10.5,Mostar
2024-10-06,14.8,88.9,1.002,100.0,10.6,Mostar
2024-10-07,15.7,84.8,0.001,100.0,7.1,Mostar
2024-10-08,16.9,78.2,0.0,0.0,7.4,Mostar
2024-10-09,19.8,83.6,8.998,100.0,27.6,Mostar
2024-10-10,20.3,80.2,0.001,100.0,11.2,Mostar
2024-10-11,21.0,78.5,0.601,100.0,11.0,Mostar
2024-10-12,17.7,65.9,0.002,100.0,14.2,Mostar
2024-10-13,16.3,76.1,0.0,0.0,7.5,Mostar
2024-10-14,16.9,80.1,0.0,0.0,7.3,Mostar
2024-10-15,16.9,81.0,0.0,0.0,10.4,Mostar
2024-10-16,17.7,76.8,0.0,0.0,14.1,Mostar
2024-10-17,17.6,91.1,1.199,100.0,9.1,Mostar
2024-10-18,17.3,96.9,5.798,100.0,11.0,Mostar
2024-10-19,19.3,85.1,0.206,100.0,11.1,Mostar
2024-10-20,18.2,78.2,0.0,0.0,10.7,Mostar
2024-10-21,16.1,81.9,0.0,0.0,10.6,Mostar
2024-10-22,16.0,76.8,0.0,0.0,10.7,Mostar
2024-10-23,16.5,79.8,0.0,0.0,7.1,Mostar
2024-10-24,17.1,82.7,0.0,0.0,7.2,Mostar
2024-10-25,18.3,81.1,0.0,0.0,7.4,Mostar
2024-10-26,16.6,83.5,0.0,0.0,7.1,Mostar
2024-10-27,16.5,83.6,0.0,0.0,7.1,Mostar
2024-10-28,14.9,83.2,0.0,0.0,4.6,Mostar
2024-10-29,16.6,77.9,0.0,0.0,10.5,Mostar
2024-10-30,17.2,64.9,0.0,0.0,14.3,Mostar
2024-10-31,16.8,62.6,0.0,0.0,14.4,Mostar
2024-11-01,14.3,73.3,0.0,0.0,10.5,Mostar
2024-11-02,14.2,69.6,0.0,0.0,14.2,Mostar
2024-11-03,14.3,63.6,0.0,0.0,17.6,Mostar
2024-11-04,11.9,67.6,0.0,0.0,17.6,Mostar
2024-11-05,11.8,63.6,0.0,0.0,17.5,Mostar
2024-11-06,11.2,70.7,0.0,0.0,10.5,Mostar
2024-11-07,11.0,73.8,0.0,0.0,10.5,Mostar
2024-11-08,10.2,77.3,0.0,0.0,7.1,Mostar
2024-11-09,10.1,70.8,0.0,0.0,10.6,Mostar
2024-11-10,11.2,55.5,0.0,0.0,17.6,Mostar
2024-11-11,9.0,56.9,0.0,0.0,24.6,Mostar
2024-11-12,8.9,58.3,0.0,0.0,24.5,Mostar
2024-11-13,8.1,62.3,0.0,0.0,21.0,Mostar
2024-11-14,8.4,73.6,2.001,100.0,24.9,Mostar
2024-11-15,8.1,59.5,0.003,100.0,11.1,Mostar
2024-11-16,8.4,60.6,0.0,0.0,17.6,Mostar
2024-11-17,6.4,74.7,0.0,0.0,7.1,Mostar
2024-11-18,9.1,95.5,2.4,100.0,5.4,Mostar
2024-11-19,9.5,98.4,14.6,100.0,7.6,Mostar
2024-11-20,11.5,92.7,31.7,100.0,49.6,Mostar
2024-11-21,5.2,75.6,0.1,100.0,14.7,Mostar
2024-11-22,11.2,80.5,35.383,100.0,47.4,Mostar
2024-11-23,4.9,47.2,0.005,100.0,23.6,Mostar
2024-11-24,3.4,65.7,0.0,0.0,12.7,Mostar
2024-11-25,6.7,74.1,0.046,100.0,9.3,Mostar
2024-11-26,4.9,91.4,0.043,100.0,5.5,Mostar
2024-11-27,9.6,86.4,0.04,100.0,5.3,Mostar
2024-11-28,9.7,98.1,3.03,100.0,5.4,Mostar
2024-11-29,10.5,58.1,15.892,100.0,18.0,Mostar
2024-11-30,10.4,44.9,0.004,100.0,51.3,Mostar
2024-12-01,12.1,51.2,0.4,100.0,57.0,Mostar
2024-12-02,8.8,64.6,0.0,0.0,17.4,Mostar
2024-12-03,5.7,84.4,0.0,0.0,7.1,Mostar
2024-12-04,8.8,73.2,0.015,100.0,14.2,Mostar
2024-12-05,8.8,65.2,0.002,100.0,17.6,Mostar
2024-12-06,8.5,76.4,1.001,100.0,14.6,Mostar
2024-12-07,7.5,66.4,2.173,100.0,7.7,Mostar
2024-12-08,4.7,95.0,19.99,100.0,11.0,Mostar
2024-12-09,6.6,98.7,20.384,100.0,7.7,Mostar
2024-12-10,8.4,84.1,2.215,100.0,10.6,Mostar
2024-12-11,8.3,84.7,0.203,100.0,14.2,Mostar
2024-12-12,7.8,76.3,0.131,100.0,11.1,Mostar
2024-12-13,4.3,80.3,0.0,0.0,7.6,Mostar
2024-12-14,7.1,96.6,18.394,100.0,7.5,Mostar
2024-12-15,8.3,70.7,0.001,100.0,16.9,Mostar
2024-12-16,6.1,67.9,0.279,100.0,9.2,Mostar
2024-12-17,4.9,87.7,0.0,0.0,7.5,Mostar
2024-12-18,3.9,89.9,0.0,0.0,7.5,Mostar
2024-12-19,4.0,90.2,0.0,0.0,7.6,Mostar
2024-12-20,9.1,82.4,0.003,100.0,65.7,Mostar
2024-12-21,6.8,48.4,12.457,100.0,62.2,Mostar
2024-12-22,2.5,72.6,0.0,0.0,7.7,Mostar
2024-12-23,5.9,86.2,25.006,100.0,62.2,Mostar
2024-12-24,7.4,41.3,6.239,100.0,57.0,Mostar
2024-12-25,9.3,45.8,0.0,0.0,54.8,Mostar
2024-12-26,10.9,44.6,0.0,0.0,58.3,Mostar
2024-12-27,9.5,49.4,0.0,0.0,30.9,Mostar
2024-12-28,9.2,44.7,0.0,0.0,18.1,Mostar
2024-12-29,6.3,63.4,0.0,0.0,21.0,Mostar
2024-12-30,5.6,75.1,0.0,0.0,10.5,Mostar
2024-12-31,4.1,81.8,0.0,0.0,7.4,Mostar
2024-01-01,5.3,94.4,24.919,100.0,22.8,Fojnica
2024-01-02,4.5,88.9,2.545,100.0,13.5,Fojnica
2024-01-03,7.0,78.9,1.268,100.0,20.0,Fojnica
2024-01-04,5.5,88.5,9.783,100.0,15.4,Fojnica
2024-01-05,4.4,84.1,1.485,100.0,24.7,Fojnica
2024-01-06,10.2,80.7,1.573,100.0,29.2,Fojnica
2024-01-07,4.9,94.4,6.969,100.0,16.5,Fojnica
2024-01-08,-1.6,87.4,13.507,100.0,12.9,Fojnica
2024-01-09,-3.9,84.0,1.321,100.0,12.7,Fojnica
2024-01-10,-2.9,81.0,6.527,100.0,9.8,Fojnica
2024-01-11,-3.1,81.4,4.325,100.0,26.5,Fojnica
2024-01-12,-3.7,81.3,3.675,100.0,15.1,Fojnica
2024-01-13,-3.7,79.6,0.048,100.0,13.5,Fojnica
2024-01-14,-3.6,84.2,3.244,100.0,18.9,Fojnica
2024-01-15,1.5,92.4,1.325,100.0,19.1,Fojnica
2024-01-16,1.0,80.4,2.105,100.0,17.3,Fojnica
2024-01-17,4.3,83.2,0.735,100.0,27.9,Fojnica
2024-01-18,11.1,74.6,5.154,100.0,29.0,Fojnica
2024-01-19,3.8,92.0,8.29,100.0,23.0,Fojnica
2024-01-20,-4.3,83.0,17.435,100.0,16.3,Fojnica
2024-01-21,-8.1,80.3,19.464,100.0,15.1,Fojnica
2024-01-22,-6.3,78.5,15.138,100.0,9.8,Fojnica
2024-01-23,-2.2,89.1,13.882,100.0,12.3,Fojnica
2024-01-24,0.3,88.1,0.585,100.0,12.3,Fojnica
2024-01-25,1.1,92.0,4.223,100.0,14.2,Fojnica
2024-01-26,0.3,91.5,0.378,100.0,14.8,Fojnica
2024-01-27,1.9,74.6,0.458,100.0,17.4,Fojnica
2024-01-28,1.2,70.0,0.637,100.0,20.5,Fojnica
2024-01-29,-1.6,79.1,0.0,0.0,16.2,Fojnica
2024-01-30,-1.8,70.4,0.0,0.0,14.5,Fojnica
2024-01-31,-1.0,64.8,0.0,0.0,9.9,Fojnica
2024-02-01,0.2,63.7,0.0,0.0,12.5,Fojnica
2024-02-02,1.7,75.5,0.208,100.0,16.7,Fojnica
2024-02-03,3.7,72.2,0.0,0.0,13.4,Fojnica
2024-02-04,4.4,74.4,0.0,0.0,13.8,Fojnica
2024-02-05,4.1,77.5,0.0,0.0,16.0,Fojnica
2024-02-06,4.7,77.1,0.0,0.0,20.5,Fojnica
2024-02-07,6.1,76.2,0.013,100.0,24.4,Fojnica
2024-02-08,6.8,74.0,0.0,0.0,20.9,Fojnica
2024-02-09,7.6,69.1,0.0,0.0,25.6,Fojnica
2024-02-10,10.4,68.6,3.106,100.0,32.5,Fojnica
2024-02-11,9.0,83.5,11.773,100.0,32.7,Fojnica
2024-02-12,5.8,91.1,4.741,100.0,14.3,Fojnica
2024-02-13,4.7,89.3,5.493,100.0,17.6,Fojnica
2024-02-14,3.4,69.3,2.545,100.0,16.3,Fojnica
2024-02-15,2.5,79.4,0.0,0.0,10.6,Fojnica
2024-02-16,4.3,77.1,0.0,0.0,11.6,Fojnica
2024-02-17,5.9,71.1,0.0,0.0,12.0,Fojnica
2024-02-18,6.7,72.6,0.526,100.0,13.7,Fojnica
2024-02-19,4.5,70.1,0.0,0.0,14.6,Fojnica
2024-02-20,5.8,77.5,0.986,100.0,11.6,Fojnica
2024-02-21,4.6,79.4,0.314,100.0,8.6,Fojnica
2024-02-22,4.9,67.2,0.0,0.0,29.3,Fojnica
2024-02-23,9.6,57.2,0.306,100.0,33.0,Fojnica
2024-02-24,8.9,73.2,5.308,100.0,37.0,Fojnica
2024-02-25,5.5,95.4,29.509,100.0,17.5,Fojnica
2024-02-26,8.9,82.1,12.167,100.0,15.5,Fojnica
2024-02-27,9.5,72.7,0.497,100.0,25.5,Fojnica
2024-02-28,11.6,61.6,0.0,0.0,26.9,Fojnica
2024-02-29,9.4,82.5,0.652,100.0,8.0,Fojnica
2024-03-01,9.7,71.2,1.247,100.0,20.8,Fojnica
2024-03-02,8.0,71.8,0.612,100.0,13.0,Fojnica
2024-03-03,8.7,69.2,0.283,100.0,16.4,Fojnica
2024-03-04,8.0,68.6,0.361,100.0,16.0,Fojnica
2024-03-05,9.0,67.5,0.0,0.0,14.5,Fojnica
2024-03-06,7.0,80.8,3.046,100.0,14.2,Fojnica
2024-03-07,4.8,86.9,2.627,100.0,11.5,Fojnica
2024-03-08,6.0,77.2,0.39,100.0,11.3,Fojnica
2024-03-09,7.1,77.8,0.711,100.0,22.9,Fojnica
2024-03-10,10.7,67.1,1.4,100.0,34.6,Fojnica
2024-03-11,10.5,61.4,10.515,100.0,30.2,Fojnica
2024-03-12,6.5,82.6,2.658,100.0,14.2,Fojnica
2024-03-13,5.8,84.7,2.95,100.0,16.0,Fojnica
2024-03-14,6.6,74.5,0.054,100.0,11.3,Fojnica
2024-03-15,8.5,67.9,0.0,0.0,8.9,Fojnica
2024-03-16,8.1,80.5,0.675,100.0,8.7,Fojnica
2024-03-17,9.1,84.4,10.613,100.0,11.0,Fojnica
2024-03-18,7.9,81.6,1.077,100.0,12.1,Fojnica
2024-03-19,6.6,63.2,7.837,100.0,25.8,Fojnica
2024-03-20,4.1,62.1,0.0,0.0,15.0,Fojnica
2024-03-21,7.7,58.6,0.0,0.0,15.1,Fojnica
2024-03-22,9.0,63.6,0.0,0.0,14.1,Fojnica
2024-03-23,9.7,60.2,0.0,0.0,19.6,Fojnica
2024-03-24,4.9,81.9,9.088,100.0,27.7,Fojnica
2024-03-25,4.5,70.5,0.309,100.0,10.9,Fojnica
2024-03-26,5.6,77.8,1.684,100.0,18.7,Fojnica
2024-03-27,11.6,76.8,4.737,100.0,32.7,Fojnica
2024-03-28,12.5,64.7,1.8,100.0,31.7,Fojnica
2024-03-29,15.9,57.2,0.0,0.0,23.9,Fojnica
2024-03-30,15.7,50.5,0.0,0.0,37.2,Fojnica
2024-03-31,19.1,28.3,0.0,0.0,40.1,Fojnica
2024-04-01,19.2,37.0,0.0,0.0,38.2,Fojnica
2024-04-02,13.0,56.1,5.039,100.0,29.5,Fojnica
2024-04-03,9.6,57.3,0.291,100.0,15.5,Fojnica
2024-04-04,13.0,52.5,0.0,0.0,12.0,Fojnica
2024-04-05,13.2,60.6,0.0,0.0,9.1,Fojnica
2024-04-06,14.6,60.5,0.0,0.0,9.4,Fojnica
2024-04-07,16.2,59.8,0.0,0.0,15.4,Fojnica
2024-04-08,16.9,60.8,0.0,0.0,7.4,Fojnica
2024-04-09,17.4,53.8,0.0,0.0,13.0,Fojnica
2024-04-10,14.7,59.3,0.0,0.0,21.4,Fojnica
2024-04-11,14.2,68.6,0.075,100.0,19.0,Fojnica
2024-04-12,14.2,73.4,0.0,0.0,11.2,Fojnica
2024-04-13,14.5,70.3,0.0,0.0,12.8,Fojnica
2024-04-14,16.2,57.6,0.0,0.0,7.8,Fojnica
2024-04-15,16.2,57.7,0.0,0.0,26.1,Fojnica
2024-04-16,14.9,59.1,4.272,100.0,32.6,Fojnica
2024-04-17,2.3,92.2,18.775,100.0,14.2,Fojnica
2024-04-18,5.2,72.7,0.159,100.0,13.1,Fojnica
2024-04-19,5.4,67.3,0.0,0.0,10.6,Fojnica
2024-04-20,5.4,65.6,0.497,100.0,10.4,Fojnica
2024-04-21,5.2,81.4,5.453,100.0,18.6,Fojnica
2024-04-22,6.9,72.4,0.177,100.0,12.2,Fojnica
2024-04-23,7.2,82.3,0.385,100.0,13.7,Fojnica
2024-04-24,6.9,86.9,8.855,100.0,17.2,Fojnica
2024-04-25,7.2,77.0,5.815,100.0,17.3,Fojnica
2024-04-26,8.0,74.8,0.941,100.0,18.3,Fojnica
2024-04-27,10.5,68.2,0.536,100.0,10.4,Fojnica
2024-04-28,13.7,63.5,0.0,0.0,9.7,Fojnica
2024-04-29,16.1,59.6,0.0,0.0,13.0,Fojnica
2024-04-30,15.8,61.1,0.0,0.0,15.4,Fojnica
2024-05-01,16.9,72.3,0.7,100.0,18.4,Fojnica
2024-05-02,15.7,66.0,4.92,100.0,16.9,Fojnica
2024-05-03,11.4,84.0,4.604,100.0,10.8,Fojnica
2024-05-04,14.0,77.3,0.973,100.0,10.4,Fojnica
2024-05-05,14.2,67.4,0.0,0.0,15.5,Fojnica
2024-05-06,14.1,65.4,0.0,0.0,19.3,Fojnica
2024-05-07,15.4,67.8,0.0,0.0,14.5,Fojnica
2024-05-08,15.6,77.1,1.052,100.0,20.5,Fojnica
2024-05-09,13.7,83.3,2.068,100.0,14.2,Fojnica
2024-05-10,13.0,81.0,1.474,100.0,18.5,Fojnica
2024-05-11,12.9,70.2,2.849,100.0,17.2,Fojnica
2024-05-12,12.9,72.4,0.024,100.0,15.0,Fojnica
2024-05-13,14.1,67.6,0.254,100.0,9.6,Fojnica
2024-05-14,12.2,87.0,2.17,100.0,7.8,Fojnica
2024-05-15,13.8,85.2,10.662,100.0,12.5,Fojnica
2024-05-16,15.6,77.5,0.037,100.0,27.6,Fojnica
2024-05-17,19.1,55.8,0.717,100.0,24.7,Fojnica
2024-05-18,16.5,63.2,0.0,0.0,10.8,Fojnica
2024-05-19,18.2,69.1,5.62,100.0,10.2,Fojnica
2024-05-20,19.1,80.0,2.1,100.0,10.0,Fojnica
2024-05-21,19.3,73.5,0.897,100.0,25.6,Fojnica
2024-05-22,15.2,81.8,4.411,100.0,10.5,Fojnica
2024-05-23,14.7,77.2,4.742,100.0,10.7,Fojnica
2024-05-24,15.9,73.8,0.643,100.0,15.0,Fojnica
2024-05-25,15.3,80.7,5.802,100.0,11.7,Fojnica
2024-05-26,14.0,93.5,6.151,100.0,7.6,Fojnica
2024-05-27,15.7,80.2,3.889,100.0,10.7,Fojnica
2024-05-28,15.5,75.7,0.273,100.0,9.0,Fojnica
2024-05-29,16.0,78.6,0.741,100.0,12.0,Fojnica
2024-05-30,17.3,69.5,0.816,100.0,22.1,Fojnica
2024-05-31,16.6,77.5,8.082,100.0,24.5,Fojnica
2024-06-01,18.7,59.4,6.178,100.0,26.0,Fojnica
2024-06-02,18.2,70.3,0.767,100.0,12.9,Fojnica
2024-06-03,16.1,82.7,4.805,100.0,20.8,Fojnica
2024-06-04,16.1,73.7,1.282,100.0,12.3,Fojnica
2024-06-05,17.0,72.5,0.046,100.0,11.9,Fojnica
2024-06-06,19.1,68.5,0.011,100.0,10.6,Fojnica
2024-06-07,21.1,65.1,0.0,0.0,11.7,Fojnica
2024-06-08,21.9,70.7,0.436,100.0,11.0,Fojnica
2024-06-09,22.3,68.0,0.016,100.0,12.8,Fojnica
2024-06-10,22.6,55.9,0.594,100.0,23.7,Fojnica
2024-06-11,18.9,74.7,1.865,100.0,16.1,Fojnica
2024-06-12,17.2,86.1,3.192,100.0,16.8,Fojnica
2024-06-13,15.9,86.6,9.119,100.0,15.1,Fojnica
2024-06-14,16.4,72.7,3.747,100.0,12.1,Fojnica
2024-06-15,18.7,67.5,0.0,0.0,11.2,Fojnica
2024-06-16,20.8,63.6,0.0,0.0,17.1,Fojnica
2024-06-17,20.9,62.0,0.0,0.0,9.6,Fojnica
2024-06-18,22.4,61.4,0.0,0.0,8.4,Fojnica
2024-06-19,23.4,60.4,0.0,0.0,8.4,Fojnica
2024-06-20,24.7,62.8,0.0,0.0,12.3,Fojnica
2024-06-21,26.9,61.7,0.1,100.0,13.3,Fojnica
2024-06-22,26.3,57.9,1.7,100.0,17.5,Fojnica
2024-06-23,22.4,71.1,1.6,100.0,14.5,Fojnica
2024-06-24,22.0,76.6,0.112,100.0,15.2,Fojnica
2024-06-25,20.8,82.3,0.691,100.0,10.1,Fojnica
2024-06-26,20.6,81.2,1.218,100.0,15.6,Fojnica
2024-06-27,18.8,86.0,11.279,100.0,12.2,Fojnica
2024-06-28,20.0,79.2,1.218,100.0,12.8,Fojnica
2024-06-29,22.8,73.9,0.099,100.0,10.7,Fojnica
2024-06-30,24.7,66.6,0.221,100.0,18.9,Fojnica
2024-07-01,24.4,59.4,0.024,100.0,17.7,Fojnica
2024-07-02,17.0,86.8,9.206,100.0,18.9,Fojnica
2024-07-03,16.2,72.4,8.25,100.0,16.1,Fojnica
2024-07-04,16.3,72.8,1.858,100.0,12.8,Fojnica
2024-07-05,19.0,67.2,0.0,0.0,8.5,Fojnica
2024-07-06,21.6,63.7,0.0,0.0,14.0,Fojnica
2024-07-07,22.9,62.3,0.0,0.0,12.1,Fojnica
2024-07-08,24.9,62.7,0.0,0.0,14.5,Fojnica
2024-07-09,25.8,63.5,0.0,0.0,14.4,Fojnica
2024-07-10,25.4,57.9,0.0,0.0,10.3,Fojnica
2024-07-11,25.9,58.4,0.0,0.0,10.8,Fojnica
2024-07-12,27.4,57.3,0.0,0.0,13.8,Fojnica
2024-07-13,26.8,52.9,0.0,0.0,13.0,Fojnica
2024-07-14,26.5,54.9,0.927,100.0,15.9,Fojnica
2024-07-15,26.8,64.1,0.0,0.0,10.9,Fojnica
2024-07-16,27.4,63.7,0.48,100.0,15.7,Fojnica
2024-07-17,25.6,71.9,0.51,100.0,10.5,Fojnica
2024-07-18,23.9,76.8,1.786,100.0,15.5,Fojnica
2024-07-19,23.4,77.1,0.581,100.0,16.2,Fojnica
2024-07-20,22.0,80.8,8.311,100.0,12.8,Fojnica
2024-07-21,22.8,76.0,1.051,100.0,12.4,Fojnica
2024-07-22,23.0,67.8,0.0,0.0,14.8,Fojnica
2024-07-23,23.2,70.3,1.857,100.0,17.1,Fojnica
2024-07-24,21.5,74.8,1.574,100.0,13.8,Fojnica
2024-07-25,21.0,61.0,0.0,0.0,18.4,Fojnica
2024-07-26,20.1,58.9,0.0,0.0,14.4,Fojnica
2024-07-27,22.5,52.3,0.0,0.0,10.6,Fojnica
2024-07-28,25.4,52.1,0.0,0.0,13.9,Fojnica
2024-07-29,24.1,49.5,0.05,100.0,19.1,Fojnica
2024-07-30,20.6,50.1,0.0,0.0,19.8,Fojnica
2024-07-31,20.7,50.1,0.0,0.0,12.6,Fojnica
2024-08-01,23.4,49.8,0.0,0.0,12.3,Fojnica
2024-08-02,23.7,57.7,0.295,100.0,12.1,Fojnica
2024-08-03,23.5,60.8,0.757,100.0,16.8,Fojnica
2024-08-04,21.7,53.5,0.452,100.0,17.6,Fojnica
2024-08-05,21.4,58.1,0.0,0.0,12.5,Fojnica
2024-08-06,22.3,58.0,0.0,0.0,13.6,Fojnica
2024-08-07,22.7,57.9,0.0,0.0,12.0,Fojnica
2024-08-08,21.2,68.9,0.0,0.0,18.2,Fojnica
2024-08-09,22.6,63.4,0.421,100.0,15.4,Fojnica
2024-08-10,23.0,57.0,0.0,0.0,16.8,Fojnica
2024-08-11,24.6,55.3,0.0,0.0,13.7,Fojnica
2024-08-12,26.8,50.0,0.0,0.0,11.5,Fojnica
2024-08-13,26.7,50.9,0.0,0.0,9.6,Fojnica
2024-08-14,27.3,45.7,0.0,0.0,13.4,Fojnica
2024-08-15,26.1,53.6,0.0,0.0,16.4,Fojnica
2024-08-16,26.3,57.4,0.026,100.0,13.3,Fojnica
2024-08-17,24.8,60.6,0.499,100.0,13.6,Fojnica
2024-08-18,23.2,62.7,2.756,100.0,17.3,Fojnica
2024-08-19,19.9,88.4,13.949,100.0,14.6,Fojnica
2024-08-20,20.4,84.1,5.871,100.0,15.9,Fojnica
2024-08-21,20.6,80.5,1.529,100.0,11.7,Fojnica
2024-08-22,22.7,63.3,1.207,100.0,12.8,Fojnica
2024-08-23,23.4,62.5,0.0,0.0,9.5,Fojnica
2024-08-24,25.0,60.0,0.0,0.0,11.2,Fojnica
2024-08-25,25.5,54.2,0.0,0.0,14.4,Fojnica
2024-08-26,24.2,57.4,0.0,0.0,14.8,Fojnica
2024-08-27,22.9,72.4,0.258,100.0,10.4,Fojnica
2024-08-28,23.7,69.6,3.721,100.0,10.5,Fojnica
2024-08-29,22.6,63.2,0.0,0.0,17.4,Fojnica
2024-08-30,21.9,60.2,0.0,0.0,18.5,Fojnica
2024-08-31,22.3,57.2,0.0,0.0,16.7,Fojnica
2024-09-01,21.8,56.4,0.0,0.0,15.1,Fojnica
2024-09-02,22.1,55.5,0.0,0.0,8.0,Fojnica
2024-09-03,22.2,57.0,0.0,0.0,16.0,Fojnica
2024-09-04,21.4,65.5,0.832,100.0,14.4,Fojnica
2024-09-05,20.6,67.9,0.93,100.0,17.5,Fojnica
2024-09-06,20.9,72.8,8.569,100.0,12.3,Fojnica
2024-09-07,21.7,66.9,0.0,0.0,9.5,Fojnica
2024-09-08,22.1,66.3,0.0,0.0,9.8,Fojnica
2024-09-09,18.7,85.0,6.887,100.0,22.4,Fojnica
2024-09-10,16.2,86.7,20.921,100.0,21.8,Fojnica
2024-09-11,16.8,73.5,0.283,100.0,9.2,Fojnica
2024-09-12,16.6,74.2,0.0,0.0,24.9,Fojnica
2024-09-13,13.6,92.0,25.759,100.0,21.5,Fojnica
2024-09-14,9.0,82.0,15.438,100.0,10.0,Fojnica
2024-09-15,9.1,87.0,1.512,100.0,16.2,Fojnica
2024-09-16,9.5,88.6,2.107,100.0,10.2,Fojnica
2024-09-17,11.6,83.8,0.82,100.0,17.1,Fojnica
2024-09-18,13.4,87.2,0.093,100.0,11.7,Fojnica
2024-09-19,13.7,93.2,4.74,100.0,12.2,Fojnica
2024-09-20,14.1,89.3,1.31,100.0,10.7,Fojnica
2024-09-21,14.7,77.9,1.063,100.0,11.8,Fojnica
2024-09-22,13.4,74.2,0.0,0.0,8.3,Fojnica
2024-09-23,14.4,78.7,0.0,0.0,11.9,Fojnica
2024-09-24,13.8,91.8,5.098,100.0,15.5,Fojnica
2024-09-25,15.3,84.7,7.394,100.0,18.3,Fojnica
2024-09-26,15.9,76.1,0.013,100.0,29.1,Fojnica
2024-09-27,18.2,74.1,0.0,0.0,23.8,Fojnica
2024-09-28,17.2,84.9,1.39,100.0,18.8,Fojnica
2024-09-29,10.6,85.3,10.185,100.0,27.6,Fojnica
2024-09-30,8.2,76.7,0.469,100.0,14.4,Fojnica
2024-10-01,8.9,77.1,0.092,100.0,14.5,Fojnica
2024-10-02,14.0,76.4,0.046,100.0,23.8,Fojnica
2024-10-03,15.9,82.9,1.314,100.0,23.5,Fojnica
2024-10-04,15.1,86.2,49.378,100.0,20.1,Fojnica
2024-10-05,11.7,92.0,1.348,100.0,12.2,Fojnica
2024-10-06,11.7,85.9,4.508,100.0,9.3,Fojnica
2024-10-07,11.9,83.5,0.976,100.0,10.7,Fojnica
2024-10-08,14.3,79.7,0.231,100.0,23.6,Fojnica
2024-10-09,17.3,69.8,3.165,100.0,36.4,Fojnica
2024-10-10,16.9,71.3,0.639,100.0,24.1,Fojnica
2024-10-11,14.9,88.1,6.832,100.0,13.5,Fojnica
2024-10-12,12.5,79.8,1.844,100.0,12.1,Fojnica
2024-10-13,11.7,81.4,0.036,100.0,14.4,Fojnica
2024-10-14,14.4,80.7,0.082,100.0,11.8,Fojnica
2024-10-15,12.8,86.6,0.036,100.0,9.7,Fojnica
2024-10-16,13.6,84.8,0.0,0.0,9.1,Fojnica
2024-10-17,13.4,94.6,1.119,100.0,6.3,Fojnica
2024-10-18,14.9,96.1,2.074,100.0,4.3,Fojnica
2024-10-19,16.5,89.4,0.619,100.0,11.2,Fojnica
2024-10-20,13.5,83.5,0.244,100.0,9.2,Fojnica
2024-10-21,9.6,86.1,0.0,0.0,8.6,Fojnica
2024-10-22,10.3,82.2,0.036,100.0,6.0,Fojnica
2024-10-23,11.5,84.5,0.0,0.0,8.5,Fojnica
2024-10-24,12.4,84.9,0.0,0.0,8.4,Fojnica
2024-10-25,14.0,87.5,0.425,100.0,8.2,Fojnica
2024-10-26,12.7,89.0,0.0,0.0,6.7,Fojnica
2024-10-27,12.6,86.9,0.0,0.0,8.2,Fojnica
2024-10-28,11.8,84.7,0.024,100.0,6.7,Fojnica
2024-10-29,11.0,89.5,0.0,0.0,7.1,Fojnica
2024-10-30,11.1,86.8,0.0,0.0,11.8,Fojnica
2024-10-31,8.8,88.3,0.0,0.0,8.3,Fojnica
2024-11-01,8.1,85.1,0.0,0.0,7.8,Fojnica
2024-11-02,7.7,85.0,0.0,0.0,13.9,Fojnica
2024-11-03,9.1,79.0,0.046,100.0,15.1,Fojnica
2024-11-04,5.1,82.1,0.0,0.0,10.9,Fojnica
2024-11-05,4.6,88.2,0.0,0.0,7.1,Fojnica
2024-11-06,4.7,87.2,0.0,0.0,6.1,Fojnica
2024-11-07,4.2,89.7,0.0,0.0,6.1,Fojnica
2024-11-08,4.1,90.9,0.057,100.0,6.7,Fojnica
2024-11-09,3.6,88.1,0.0,0.0,7.8,Fojnica
2024-11-10,2.7,85.1,0.0,0.0,13.4,Fojnica
2024-11-11,2.6,81.6,0.0,0.0,16.5,Fojnica
2024-11-12,2.2,81.1,0.0,0.0,14.6,Fojnica
2024-11-13,2.8,72.3,0.0,0.0,11.2,Fojnica
2024-11-14,1.5,87.2,1.715,100.0,12.6,Fojnica
2024-11-15,1.7,81.5,1.433,100.0,13.6,Fojnica
2024-11-16,3.4,80.4,0.046,100.0,9.2,Fojnica
2024-11-17,1.2,83.5,0.0,0.0,10.7,Fojnica
2024-11-18,5.4,97.8,0.9,100.0,6.8,Fojnica
2024-11-19,6.7,99.7,0.3,100.0,9.0,Fojnica
2024-11-20,9.0,89.0,27.6,100.0,27.4,Fojnica
2024-11-21,1.4,89.3,0.6,100.0,26.4,Fojnica
2024-11-22,3.8,89.0,24.054,100.0,37.4,Fojnica
2024-11-23,-3.7,85.8,4.895,100.0,15.9,Fojnica
2024-11-24,-2.6,85.6,0.064,100.0,10.1,Fojnica
2024-11-25,-0.6,86.9,40.36,100.0,14.0,Fojnica
2024-11-26,2.4,89.1,46.679,100.0,17.1,Fojnica
2024-11-27,6.3,88.7,19.036,100.0,9.9,Fojnica
2024-11-28,7.5,92.4,13.375,100.0,18.9,Fojnica
2024-11-29,2.7,90.5,14.191,100.0,14.5,Fojnica
2024-11-30,2.4,90.0,7.085,100.0,25.2,Fojnica
2024-12-01,5.4,84.8,2.4,100.0,15.3,Fojnica
2024-12-02,3.7,85.1,0.038,100.0,11.6,Fojnica
2024-12-03,3.6,89.1,0.0,0.0,10.6,Fojnica
2024-12-04,2.6,91.0,0.596,100.0,8.8,Fojnica
2024-12-05,2.0,90.0,2.198,100.0,8.2,Fojnica
2024-12-06,3.0,91.0,1.404,100.0,23.4,Fojnica
2024-12-07,2.3,91.1,3.565,100.0,5.7,Fojnica
2024-12-08,2.0,91.9,5.272,100.0,10.5,Fojnica
2024-12-09,3.0,93.8,1.744,100.0,9.8,Fojnica
2024-12-10,3.0,93.3,3.201,100.0,8.2,Fojnica
2024-12-11,2.9,93.8,0.806,100.0,8.9,Fojnica
2024-12-12,1.9,87.7,0.309,100.0,8.6,Fojnica
2024-12-13,1.1,86.6,0.0,0.0,11.9,Fojnica
2024-12-14,3.6,90.8,1.452,100.0,18.0,Fojnica
2024-12-15,3.1,92.8,3.715,100.0,18.3,Fojnica
2024-12-16,-0.1,94.2,1.085,100.0,17.6,Fojnica
2024-12-17,0.2,96.4,0.0,0.0,9.0,Fojnica
2024-12-18,0.1,93.2,0.0,0.0,7.9,Fojnica
2024-12-19,0.2,84.6,0.015,100.0,19.4,Fojnica
2024-12-20,3.3,88.0,0.5,100.0,20.3,Fojnica
2024-12-21,-0.3,84.0,25.124,100.0,18.0,Fojnica
2024-12-22,-2.2,84.8,0.064,100.0,13.1,Fojnica
2024-12-23,-0.1,90.5,10.902,100.0,17.5,Fojnica
2024-12-24,-0.6,86.4,24.884,100.0,19.8,Fojnica
2024-12-25,1.8,79.6,0.232,100.0,22.6,Fojnica
2024-12-26,2.4,76.6,1.5,100.0,23.7,Fojnica
2024-12-27,1.1,82.9,0.0,0.0,9.0,Fojnica
2024-12-28,0.3,84.5,0.0,0.0,6.8,Fojnica
2024-12-29,-2.4,90.1,0.0,0.0,7.1,Fojnica
2024-12-30,-2.7,93.8,0.036,100.0,5.2,Fojnica
2024-12-31,-2.6,94.2,0.107,100.0,6.2,Fojnica
2024-01-01,6.9,94.0,28.666,100.0,22.3,Jablanica
2024-01-02,5.7,89.8,2.709,100.0,14.9,Jablanica
2024-01-03,7.5,85.8,1.343,100.0,21.5,Jablanica
2024-01-04,6.8,88.7,9.79,100.0,17.0,Jablanica
2024-01-05,5.3,86.3,1.239,100.0,23.6,Jablanica
2024-01-06,11.6,77.4,3.4,100.0,27.4,Jablanica
2024-01-07,6.8,87.5,7.904,100.0,16.2,Jablanica
2024-01-08,1.3,73.8,12.896,100.0,16.9,Jablanica
2024-01-09,-1.7,70.5,1.246,100.0,16.1,Jablanica
2024-01-10,-1.4,74.1,4.443,100.0,11.9,Jablanica
2024-01-11,-1.8,77.5,2.932,100.0,21.1,Jablanica
2024-01-12,-2.1,69.2,2.685,100.0,20.7,Jablanica
2024-01-13,-2.0,66.0,0.048,100.0,17.8,Jablanica
2024-01-14,-2.3,81.6,2.207,100.0,22.3,Jablanica
2024-01-15,2.8,93.8,4.794,100.0,21.7,Jablanica
2024-01-16,3.0,77.1,2.871,100.0,21.8,Jablanica
2024-01-17,5.9,88.6,1.565,100.0,28.7,Jablanica
2024-01-18,11.7,79.3,6.798,100.0,32.0,Jablanica
2024-01-19,6.5,86.4,6.301,100.0,24.1,Jablanica
2024-01-20,-1.5,63.2,17.172,100.0,32.4,Jablanica
2024-01-21,-2.7,50.4,13.194,100.0,32.3,Jablanica
2024-01-22,-2.2,65.2,10.262,100.0,11.8,Jablanica
2024-01-23,0.7,76.7,9.478,100.0,19.0,Jablanica
2024-01-24,3.3,71.5,0.551,100.0,19.5,Jablanica
2024-01-25,2.5,84.3,3.042,100.0,19.9,Jablanica
2024-01-26,2.4,81.8,0.257,100.0,19.0,Jablanica
2024-01-27,4.2,60.0,0.439,100.0,28.1,Jablanica
2024-01-28,2.9,59.4,0.719,100.0,26.2,Jablanica
2024-01-29,1.0,64.3,0.0,0.0,19.4,Jablanica
2024-01-30,0.5,58.7,0.0,0.0,22.0,Jablanica
2024-01-31,0.9,57.1,0.0,0.0,10.1,Jablanica
2024-02-01,2.0,58.3,0.0,0.0,14.2,Jablanica
2024-02-02,3.7,63.8,0.215,100.0,31.1,Jablanica
2024-02-03,5.1,64.7,0.0,0.0,17.2,Jablanica
2024-02-04,5.5,73.9,0.0,0.0,15.1,Jablanica
2024-02-05,5.6,78.7,0.0,0.0,19.1,Jablanica
2024-02-06,5.0,81.9,0.0,0.0,24.6,Jablanica
2024-02-07,7.1,81.4,0.015,100.0,28.8,Jablanica
2024-02-08,7.6,80.4,0.0,0.0,22.1,Jablanica
2024-02-09,8.2,75.2,0.0,0.0,28.4,Jablanica
2024-02-10,10.6,76.1,6.031,100.0,33.7,Jablanica
2024-02-11,9.3,87.6,21.528,100.0,29.2,Jablanica
2024-02-12,6.8,92.8,5.716,100.0,18.3,Jablanica
2024-02-13,6.4,77.1,5.312,100.0,26.2,Jablanica
2024-02-14,5.6,50.7,2.522,100.0,27.6,Jablanica
2024-02-15,4.4,68.0,0.0,0.0,14.6,Jablanica
2024-02-16,6.0,71.7,0.0,0.0,14.9,Jablanica
2024-02-17,6.7,73.9,0.0,0.0,15.1,Jablanica
2024-02-18,7.7,66.8,0.583,100.0,18.4,Jablanica
2024-02-19,5.9,68.2,0.0,0.0,14.6,Jablanica
2024-02-20,7.2,66.6,0.977,100.0,18.1,Jablanica
2024-02-21,5.5,70.7,0.322,100.0,11.8,Jablanica
2024-02-22,5.6,69.1,0.0,0.0,31.6,Jablanica
2024-02-23,10.2,65.2,0.565,100.0,33.1,Jablanica
2024-02-24,8.7,82.7,12.695,100.0,34.5,Jablanica
2024-02-25,6.4,95.9,45.194,100.0,22.3,Jablanica
2024-02-26,9.6,82.6,12.432,100.0,21.4,Jablanica
2024-02-27,10.3,74.5,0.501,100.0,27.6,Jablanica
2024-02-28,11.6,66.7,0.0,0.0,23.0,Jablanica
2024-02-29,10.7,77.4,0.496,100.0,9.4,Jablanica
2024-03-01,9.8,75.4,1.548,100.0,23.6,Jablanica
2024-03-02,7.9,79.8,2.514,100.0,18.1,Jablanica
2024-03-03,9.1,75.6,0.328,100.0,18.7,Jablanica
2024-03-04,8.8,75.1,0.585,100.0,21.0,Jablanica
2024-03-05,9.9,71.5,0.0,0.0,13.3,Jablanica
2024-03-06,7.4,83.7,5.829,100.0,12.7,Jablanica
2024-03-07,5.3,87.4,2.586,100.0,10.5,Jablanica
2024-03-08,6.6,77.7,0.356,100.0,9.7,Jablanica
2024-03-09,7.2,85.4,3.219,100.0,22.9,Jablanica
2024-03-10,10.9,73.3,2.904,100.0,32.9,Jablanica
2024-03-11,10.2,72.3,14.81,100.0,33.6,Jablanica
2024-03-12,7.0,89.0,6.202,100.0,14.3,Jablanica
2024-03-13,6.4,79.9,3.083,100.0,22.5,Jablanica
2024-03-14,7.3,69.6,0.037,100.0,17.3,Jablanica
2024-03-15,8.7,69.6,0.0,0.0,8.2,Jablanica
2024-03-16,8.8,81.9,2.598,100.0,9.4,Jablanica
2024-03-17,9.5,79.2,8.656,100.0,12.6,Jablanica
2024-03-18,8.7,79.7,0.643,100.0,12.8,Jablanica
2024-03-19,8.1,56.6,5.348,100.0,32.7,Jablanica
2024-03-20,6.4,50.1,0.0,0.0,30.9,Jablanica
2024-03-21,8.1,62.1,0.0,0.0,12.3,Jablanica
2024-03-22,9.7,65.5,0.0,0.0,18.6,Jablanica
2024-03-23,10.0,65.3,0.0,0.0,26.7,Jablanica
2024-03-24,7.2,82.2,12.179,100.0,22.6,Jablanica
2024-03-25,5.9,62.4,0.334,100.0,14.6,Jablanica
2024-03-26,6.4,78.7,4.427,100.0,20.6,Jablanica
2024-03-27,12.0,80.1,8.139,100.0,31.2,Jablanica
2024-03-28,13.4,65.4,8.5,100.0,28.2,Jablanica
2024-03-29,16.7,57.6,0.1,100.0,17.0,Jablanica
2024-03-30,16.0,51.0,0.0,0.0,30.5,Jablanica
2024-03-31,19.3,31.2,0.0,0.0,34.0,Jablanica
2024-04-01,18.8,43.9,0.0,0.0,36.8,Jablanica
2024-04-02,13.7,60.9,4.805,100.0,29.5,Jablanica
2024-04-03,9.7,62.8,0.337,100.0,15.0,Jablanica
2024-04-04,12.5,59.4,0.0,0.0,12.7,Jablanica
2024-04-05,12.9,65.8,0.0,0.0,9.3,Jablanica
2024-04-06,14.3,65.1,0.0,0.0,9.4,Jablanica
2024-04-07,15.9,66.4,0.0,0.0,17.0,Jablanica
2024-04-08,17.0,62.3,0.0,0.0,6.9,Jablanica
2024-04-09,16.7,57.2,0.0,0.0,15.3,Jablanica
2024-04-10,15.0,59.5,0.0,0.0,17.6,Jablanica
2024-04-11,15.7,63.3,0.082,100.0,22.5,Jablanica
2024-04-12,16.2,63.2,0.0,0.0,16.9,Jablanica
2024-04-13,16.3,66.3,0.0,0.0,16.7,Jablanica
2024-04-14,17.1,58.4,0.0,0.0,10.3,Jablanica
2024-04-15,16.3,63.3,0.0,0.0,26.0,Jablanica
2024-04-16,16.3,63.7,2.15,100.0,32.5,Jablanica
2024-04-17,5.7,80.0,15.36,100.0,21.4,Jablanica
2024-04-18,6.5,63.6,0.134,100.0,15.9,Jablanica
2024-04-19,7.3,57.7,0.0,0.0,13.8,Jablanica
2024-04-20,6.4,61.4,0.501,100.0,14.7,Jablanica
2024-04-21,7.2,69.0,3.72,100.0,17.3,Jablanica
2024-04-22,7.7,69.7,0.136,100.0,10.7,Jablanica
2024-04-23,8.5,80.3,0.894,100.0,16.8,Jablanica
2024-04-24,7.6,86.5,11.478,100.0,17.5,Jablanica
2024-04-25,7.8,75.5,6.407,100.0,18.4,Jablanica
2024-04-26,8.1,77.2,1.735,100.0,17.8,Jablanica
2024-04-27,11.7,66.5,0.56,100.0,12.9,Jablanica
2024-04-28,14.2,61.9,0.0,0.0,11.4,Jablanica
2024-04-29,16.4,60.2,0.0,0.0,14.5,Jablanica
2024-04-30,16.3,60.7,0.0,0.0,13.5,Jablanica
2024-05-01,17.5,71.3,1.5,100.0,19.0,Jablanica
2024-05-02,15.7,74.2,7.045,100.0,17.8,Jablanica
2024-05-03,11.6,83.8,5.728,100.0,15.8,Jablanica
2024-05-04,15.3,73.6,0.246,100.0,11.9,Jablanica
2024-05-05,14.8,67.6,0.0,0.0,14.4,Jablanica
2024-05-06,14.3,68.6,0.0,0.0,16.4,Jablanica
2024-05-07,15.3,70.4,0.0,0.0,15.8,Jablanica
2024-05-08,16.6,71.5,0.989,100.0,15.7,Jablanica
2024-05-09,15.3,71.5,2.035,100.0,24.0,Jablanica
2024-05-10,15.1,66.6,1.618,100.0,23.0,Jablanica
2024-05-11,15.1,57.0,3.069,100.0,21.7,Jablanica
2024-05-12,14.9,63.9,0.006,100.0,14.6,Jablanica
2024-05-13,14.5,69.2,0.258,100.0,13.9,Jablanica
2024-05-14,12.8,85.7,3.294,100.0,9.5,Jablanica
2024-05-15,14.1,83.2,11.428,100.0,13.9,Jablanica
2024-05-16,16.1,74.3,0.887,100.0,27.2,Jablanica
2024-05-17,19.7,59.2,0.72,100.0,27.0,Jablanica
2024-05-18,16.7,70.5,0.164,100.0,12.9,Jablanica
2024-05-19,18.7,72.9,1.596,100.0,9.0,Jablanica
2024-05-20,19.8,77.1,1.552,100.0,9.4,Jablanica
2024-05-21,19.6,73.7,0.602,100.0,24.1,Jablanica
2024-05-22,16.3,77.0,5.567,100.0,10.3,Jablanica
2024-05-23,14.7,79.7,3.37,100.0,11.9,Jablanica
2024-05-24,16.6,70.5,0.214,100.0,12.9,Jablanica
2024-05-25,16.9,71.7,1.466,100.0,12.8,Jablanica
2024-05-26,15.3,86.2,4.358,100.0,11.3,Jablanica
2024-05-27,16.0,80.4,5.382,100.0,14.1,Jablanica
2024-05-28,16.0,77.7,0.394,100.0,10.1,Jablanica
2024-05-29,16.8,76.6,0.806,100.0,11.5,Jablanica
2024-05-30,17.2,74.9,2.877,100.0,22.8,Jablanica
2024-05-31,16.6,84.3,18.677,100.0,23.9,Jablanica
2024-06-01,19.2,65.8,8.118,100.0,33.2,Jablanica
2024-06-02,19.0,75.6,2.074,100.0,15.9,Jablanica
2024-06-03,16.6,84.9,5.164,100.0,23.2,Jablanica
2024-06-04,16.8,73.4,1.398,100.0,13.1,Jablanica
2024-06-05,17.6,70.5,0.011,100.0,11.2,Jablanica
2024-06-06,19.9,67.9,0.007,100.0,11.8,Jablanica
2024-06-07,21.3,65.2,0.0,0.0,10.0,Jablanica
2024-06-08,22.6,66.7,0.304,100.0,10.3,Jablanica
2024-06-09,23.0,66.8,0.011,100.0,14.8,Jablanica
2024-06-10,22.3,63.5,0.955,100.0,23.5,Jablanica
2024-06-11,19.6,75.4,1.203,100.0,18.9,Jablanica
2024-06-12,18.9,80.6,3.197,100.0,15.5,Jablanica
2024-06-13,18.1,79.8,4.157,100.0,18.6,Jablanica
2024-06-14,17.4,71.4,4.931,100.0,12.4,Jablanica
2024-06-15,19.4,65.6,0.0,0.0,9.8,Jablanica
2024-06-16,21.0,63.6,0.0,0.0,14.9,Jablanica
2024-06-17,21.3,60.9,0.0,0.0,10.1,Jablanica
2024-06-18,22.7,59.5,0.0,0.0,9.6,Jablanica
2024-06-19,23.4,57.6,0.0,0.0,9.0,Jablanica
2024-06-20,25.7,59.2,0.0,0.0,15.8,Jablanica
2024-06-21,28.5,55.0,0.1,100.0,14.0,Jablanica
2024-06-22,27.6,57.4,0.0,0.0,19.0,Jablanica
2024-06-23,25.2,62.6,0.1,100.0,15.3,Jablanica
2024-06-24,23.4,70.4,0.063,100.0,13.2,Jablanica
2024-06-25,22.1,75.8,0.675,100.0,10.3,Jablanica
2024-06-26,22.3,71.5,0.904,100.0,19.1,Jablanica
2024-06-27,20.0,81.4,11.637,100.0,12.9,Jablanica
2024-06-28,21.1,74.6,0.806,100.0,17.9,Jablanica
2024-06-29,24.6,63.6,0.053,100.0,12.8,Jablanica
2024-06-30,25.5,63.1,0.22,100.0,22.9,Jablanica
2024-07-01,24.8,61.0,0.006,100.0,20.2,Jablanica
2024-07-02,18.4,80.1,11.22,100.0,30.2,Jablanica
2024-07-03,18.1,61.2,8.87,100.0,23.6,Jablanica
2024-07-04,18.3,63.3,0.509,100.0,15.9,Jablanica
2024-07-05,20.6,60.7,0.0,0.0,11.0,Jablanica
2024-07-06,22.5,61.6,0.0,0.0,14.7,Jablanica
2024-07-07,23.7,60.3,0.0,0.0,14.5,Jablanica
2024-07-08,25.5,60.0,0.0,0.0,13.4,Jablanica
2024-07-09,26.2,63.9,0.0,0.0,13.8,Jablanica
2024-07-10,26.9,57.1,0.0,0.0,9.8,Jablanica
2024-07-11,27.4,58.7,0.0,0.0,10.9,Jablanica
2024-07-12,28.0,56.7,0.0,0.0,14.4,Jablanica
2024-07-13,27.4,53.0,0.0,0.0,11.2,Jablanica
2024-07-14,27.7,52.7,0.216,100.0,12.8,Jablanica
2024-07-15,27.7,59.0,0.0,0.0,11.3,Jablanica
2024-07-16,27.8,57.3,0.342,100.0,16.3,Jablanica
2024-07-17,27.6,61.8,0.193,100.0,12.5,Jablanica
2024-07-18,26.7,67.5,1.003,100.0,16.4,Jablanica
2024-07-19,26.2,66.1,0.403,100.0,14.9,Jablanica
2024-07-20,24.4,71.8,5.137,100.0,15.1,Jablanica
2024-07-21,24.6,68.5,1.191,100.0,11.7,Jablanica
2024-07-22,24.5,63.6,0.0,0.0,20.2,Jablanica
2024-07-23,26.0,57.2,0.538,100.0,18.4,Jablanica
2024-07-24,23.7,63.4,1.664,100.0,19.2,Jablanica
2024-07-25,23.3,50.7,0.0,0.0,23.3,Jablanica
2024-07-26,22.5,49.9,0.0,0.0,18.3,Jablanica
2024-07-27,24.2,47.9,0.0,0.0,12.5,Jablanica
2024-07-28,26.2,52.4,0.0,0.0,16.6,Jablanica
2024-07-29,25.6,49.6,0.054,100.0,27.4,Jablanica
2024-07-30,23.5,40.0,0.0,0.0,27.6,Jablanica
2024-07-31,22.3,43.4,0.0,0.0,13.9,Jablanica
2024-08-01,24.1,47.7,0.0,0.0,14.3,Jablanica
2024-08-02,24.6,53.3,0.196,100.0,15.1,Jablanica
2024-08-03,23.5,65.4,3.522,100.0,18.1,Jablanica
2024-08-04,23.8,53.4,0.35,100.0,24.4,Jablanica
2024-08-05,23.1,52.4,0.0,0.0,14.0,Jablanica
2024-08-06,23.4,56.7,0.0,0.0,15.9,Jablanica
2024-08-07,24.4,54.4,0.0,0.0,14.0,Jablanica
2024-08-08,22.5,67.5,0.423,100.0,17.1,Jablanica
2024-08-09,23.9,59.5,0.464,100.0,17.8,Jablanica
2024-08-10,25.3,48.7,0.0,0.0,24.6,Jablanica
2024-08-11,26.4,48.1,0.0,0.0,18.2,Jablanica
2024-08-12,28.2,45.4,0.0,0.0,12.6,Jablanica
2024-08-13,27.1,50.3,0.0,0.0,10.2,Jablanica
2024-08-14,28.0,47.1,0.0,0.0,12.2,Jablanica
2024-08-15,26.8,53.9,0.0,0.0,16.3,Jablanica
2024-08-16,27.2,57.5,0.03,100.0,14.1,Jablanica
2024-08-17,26.6,57.2,0.565,100.0,14.8,Jablanica
2024-08-18,24.8,61.2,1.879,100.0,15.1,Jablanica
2024-08-19,20.2,90.0,14.622,100.0,18.4,Jablanica
2024-08-20,21.7,78.9,5.258,100.0,15.1,Jablanica
2024-08-21,21.6,77.3,1.879,100.0,18.0,Jablanica
2024-08-22,23.9,61.9,1.003,100.0,18.9,Jablanica
2024-08-23,24.3,62.3,0.0,0.0,10.7,Jablanica
2024-08-24,25.5,61.8,0.0,0.0,14.0,Jablanica
2024-08-25,27.7,54.6,0.0,0.0,18.2,Jablanica
2024-08-26,26.6,50.8,0.0,0.0,16.2,Jablanica
2024-08-27,24.8,64.4,0.975,100.0,18.5,Jablanica
2024-08-28,25.0,67.2,9.424,100.0,15.0,Jablanica
2024-08-29,23.7,61.7,0.0,0.0,22.5,Jablanica
2024-08-30,23.8,54.2,0.0,0.0,24.5,Jablanica
2024-08-31,24.8,49.6,0.0,0.0,18.2,Jablanica
2024-09-01,24.3,48.0,0.0,0.0,19.5,Jablanica
2024-09-02,23.5,52.5,0.0,0.0,8.2,Jablanica
2024-09-03,23.2,57.6,0.0,0.0,16.9,Jablanica
2024-09-04,22.1,66.2,0.693,100.0,11.2,Jablanica
2024-09-05,22.1,66.1,0.63,100.0,20.0,Jablanica
2024-09-06,21.8,74.7,7.46,100.0,18.2,Jablanica
2024-09-07,22.6,69.3,0.0,0.0,9.8,Jablanica
2024-09-08,22.9,66.2,0.0,0.0,13.8,Jablanica
2024-09-09,19.1,85.5,17.03,100.0,27.7,Jablanica
2024-09-10,18.6,73.3,21.226,100.0,28.5,Jablanica
2024-09-11,18.4,62.7,0.279,100.0,12.3,Jablanica
2024-09-12,17.6,75.0,0.0,0.0,23.7,Jablanica
2024-09-13,15.3,88.7,22.072,100.0,28.4,Jablanica
2024-09-14,10.8,77.5,15.481,100.0,13.0,Jablanica
2024-09-15,10.6,78.0,1.199,100.0,19.2,Jablanica
2024-09-16,10.9,77.3,0.669,100.0,11.4,Jablanica
2024-09-17,13.8,74.7,1.35,100.0,13.5,Jablanica
2024-09-18,16.0,72.2,0.305,100.0,15.3,Jablanica
2024-09-19,14.6,90.2,13.599,100.0,13.2,Jablanica
2024-09-20,14.9,87.1,2.755,100.0,9.9,Jablanica
2024-09-21,16.0,74.3,1.092,100.0,15.4,Jablanica
2024-09-22,15.4,71.5,0.0,0.0,8.7,Jablanica
2024-09-23,15.7,78.1,0.0,0.0,13.3,Jablanica
2024-09-24,15.0,92.8,4.804,100.0,19.3,Jablanica
2024-09-25,16.0,85.2,6.883,100.0,20.0,Jablanica
2024-09-26,16.4,81.1,0.015,100.0,33.7,Jablanica
2024-09-27,18.3,77.9,0.0,0.0,29.2,Jablanica
2024-09-28,18.4,84.9,0.324,100.0,23.6,Jablanica
2024-09-29,12.9,70.6,10.845,100.0,41.6,Jablanica
2024-09-30,10.0,63.7,0.441,100.0,20.9,Jablanica
2024-10-01,10.6,70.8,0.023,100.0,21.5,Jablanica
2024-10-02,14.8,75.0,0.011,100.0,27.9,Jablanica
2024-10-03,17.0,85.5,3.815,100.0,29.6,Jablanica
2024-10-04,17.9,80.8,56.762,100.0,36.8,Jablanica
2024-10-05,13.1,90.1,2.567,100.0,16.7,Jablanica
2024-10-06,12.4,87.5,4.421,100.0,10.8,Jablanica
2024-10-07,12.9,83.0,1.084,100.0,12.2,Jablanica
2024-10-08,14.7,79.3,0.055,100.0,26.1,Jablanica
2024-10-09,17.4,77.2,6.275,100.0,37.2,Jablanica
2024-10-10,17.5,77.4,0.726,100.0,27.8,Jablanica
2024-10-11,17.2,82.7,5.531,100.0,16.5,Jablanica
2024-10-12,13.8,73.6,1.911,100.0,14.1,Jablanica
2024-10-13,12.9,79.4,0.01,100.0,14.1,Jablanica
2024-10-14,14.5,80.7,0.022,100.0,11.7,Jablanica
2024-10-15,14.0,83.2,0.01,100.0,14.0,Jablanica
2024-10-16,14.7,80.5,0.0,0.0,8.4,Jablanica
2024-10-17,15.5,92.0,1.282,100.0,8.6,Jablanica
2024-10-18,16.5,94.6,4.103,100.0,7.2,Jablanica
2024-10-19,18.4,85.0,2.06,100.0,9.9,Jablanica
2024-10-20,16.4,80.5,0.162,100.0,8.3,Jablanica
2024-10-21,13.1,80.9,0.0,0.0,10.1,Jablanica
2024-10-22,12.8,78.1,0.01,100.0,6.5,Jablanica
2024-10-23,13.3,82.8,0.0,0.0,8.8,Jablanica
2024-10-24,14.2,84.3,0.0,0.0,10.7,Jablanica
2024-10-25,15.3,84.2,0.245,100.0,11.1,Jablanica
2024-10-26,14.0,85.1,0.0,0.0,7.8,Jablanica
2024-10-27,13.9,83.4,0.0,0.0,9.3,Jablanica
2024-10-28,12.7,82.5,0.006,100.0,7.4,Jablanica
2024-10-29,12.3,85.8,0.0,0.0,7.3,Jablanica
2024-10-30,12.5,77.2,0.0,0.0,16.5,Jablanica
2024-10-31,11.2,75.9,0.0,0.0,14.3,Jablanica
2024-11-01,10.3,76.5,0.0,0.0,11.1,Jablanica
2024-11-02,10.5,74.1,0.0,0.0,20.7,Jablanica
2024-11-03,10.5,70.1,0.012,100.0,19.2,Jablanica
2024-11-04,7.2,73.2,0.0,0.0,13.4,Jablanica
2024-11-05,7.0,77.4,0.0,0.0,12.0,Jablanica
2024-11-06,7.1,79.5,0.0,0.0,7.7,Jablanica
2024-11-07,6.8,81.9,0.0,0.0,7.8,Jablanica
2024-11-08,6.3,84.8,0.018,100.0,6.4,Jablanica
2024-11-09,6.4,78.6,0.0,0.0,10.4,Jablanica
2024-11-10,5.9,69.0,0.0,0.0,17.8,Jablanica
2024-11-11,3.9,70.6,0.0,0.0,18.7,Jablanica
2024-11-12,3.8,70.1,0.0,0.0,15.6,Jablanica
2024-11-13,4.1,65.6,0.0,0.0,13.7,Jablanica
2024-11-14,3.7,82.1,1.277,100.0,18.6,Jablanica
2024-11-15,3.4,71.2,1.579,100.0,19.7,Jablanica
2024-11-16,4.8,70.0,0.012,100.0,13.7,Jablanica
2024-11-17,3.8,77.1,0.0,0.0,11.9,Jablanica
2024-11-18,7.1,96.7,1.6,100.0,5.3,Jablanica
2024-11-19,8.0,99.1,4.7,100.0,8.3,Jablanica
2024-11-20,10.2,90.4,40.0,100.0,34.7,Jablanica
2024-11-21,3.2,81.6,0.5,100.0,16.9,Jablanica
2024-11-22,6.5,82.2,20.958,100.0,37.9,Jablanica
2024-11-23,-0.4,61.7,4.86,100.0,22.1,Jablanica
2024-11-24,0.5,73.1,0.046,100.0,10.2,Jablanica
2024-11-25,3.4,76.0,42.603,100.0,15.8,Jablanica
2024-11-26,3.9,86.9,49.248,100.0,19.6,Jablanica
2024-11-27,7.2,87.3,20.327,100.0,12.6,Jablanica
2024-11-28,8.1,94.1,16.252,100.0,23.0,Jablanica
2024-11-29,5.3,74.1,12.592,100.0,25.1,Jablanica
2024-11-30,5.3,63.8,4.593,100.0,32.9,Jablanica
2024-12-01,8.5,66.5,1.2,100.0,34.9,Jablanica
2024-12-02,4.7,76.4,0.027,100.0,13.6,Jablanica
2024-12-03,3.5,88.9,0.0,0.0,9.6,Jablanica
2024-12-04,4.2,84.7,0.807,100.0,9.0,Jablanica
2024-12-05,3.7,79.8,2.057,100.0,11.6,Jablanica
2024-12-06,4.7,84.8,1.685,100.0,27.5,Jablanica
2024-12-07,3.5,78.1,4.088,100.0,5.6,Jablanica
2024-12-08,3.5,92.1,11.591,100.0,12.3,Jablanica
2024-12-09,4.5,94.2,8.307,100.0,12.3,Jablanica
2024-12-10,4.5,89.6,3.201,100.0,8.6,Jablanica
2024-12-11,4.3,91.0,1.274,100.0,10.0,Jablanica
2024-12-12,3.2,84.7,0.306,100.0,11.8,Jablanica
2024-12-13,1.5,85.0,0.0,0.0,17.9,Jablanica
2024-12-14,5.0,92.4,7.895,100.0,22.1,Jablanica
2024-12-15,4.9,77.7,3.068,100.0,28.5,Jablanica
2024-12-16,2.1,80.9,1.366,100.0,23.4,Jablanica
2024-12-17,2.3,91.5,0.0,0.0,13.0,Jablanica
2024-12-18,2.2,91.4,0.0,0.0,6.6,Jablanica
2024-12-19,2.4,86.2,0.01,100.0,23.5,Jablanica
2024-12-20,5.7,83.3,0.732,100.0,34.2,Jablanica
2024-12-21,2.5,60.8,23.824,100.0,39.6,Jablanica
2024-12-22,-0.2,78.4,0.046,100.0,18.8,Jablanica
2024-12-23,2.2,86.4,12.322,100.0,34.4,Jablanica
2024-12-24,2.3,62.9,21.878,100.0,43.9,Jablanica
2024-12-25,5.6,58.6,0.054,100.0,40.0,Jablanica
2024-12-26,7.0,57.2,0.1,100.0,38.0,Jablanica
2024-12-27,5.8,62.3,0.0,0.0,16.6,Jablanica
2024-12-28,5.9,58.1,0.0,0.0,10.5,Jablanica
2024-12-29,4.7,69.3,0.0,0.0,10.8,Jablanica
2024-12-30,2.0,83.7,0.024,100.0,6.3,Jablanica
2024-12-31,1.3,87.2,0.073,100.0,5.5,Jablanica
